24,M,dlnp1jr6n4VK,85711,dlnp1jr6n4VK@gmail.com
53,F,tqeFmTm69fVz,94043,tqeFmTm69fVz@gmail.com
23,M,StD6EUEdWPmQ,32067,StD6EUEdWPmQ@gmail.com
24,M,1hUUdkKDgZiQ,43537,1hUUdkKDgZiQ@gmail.com
33,F,aGyzV8j9BoDK,15213,aGyzV8j9BoDK@gmail.com
42,M,F41Tc12QFC39,98101,F41Tc12QFC39@gmail.com
57,M,uDpq89IuxnMN,91344,uDpq89IuxnMN@gmail.com
36,M,sHyZqZuRnZAB,05201,sHyZqZuRnZAB@gmail.com
29,M,PSWuoR8C9CTF,01002,PSWuoR8C9CTF@gmail.com
53,M,6Fh8xeDGNJIf,90703,6Fh8xeDGNJIf@gmail.com
39,F,dndXIuOMKAwE,30329,dndXIuOMKAwE@gmail.com
28,F,ETrMMN1NUSB2,06405,ETrMMN1NUSB2@gmail.com
47,M,xGgJYfvpXoXe,29206,xGgJYfvpXoXe@gmail.com
45,M,ixeLqlDAASVf,55106,ixeLqlDAASVf@gmail.com
49,F,9o9gJ8pW2OIp,97301,9o9gJ8pW2OIp@gmail.com
21,M,g4kduhBxoJNQ,10309,g4kduhBxoJNQ@gmail.com
30,M,ED8dHOiZt6Yv,06355,ED8dHOiZt6Yv@gmail.com
35,F,R8BroqIpQM7J,37212,R8BroqIpQM7J@gmail.com
40,M,rKTx2HwTK3Qf,02138,rKTx2HwTK3Qf@gmail.com
42,F,LiCrOTrL8TBP,95660,LiCrOTrL8TBP@gmail.com
26,M,VKoWsbLUQHBo,30068,VKoWsbLUQHBo@gmail.com
25,M,bemRDvmkWLig,40206,bemRDvmkWLig@gmail.com
30,F,UznD8aQe2PYO,48197,UznD8aQe2PYO@gmail.com
21,F,f3jBySOGqqIh,94533,f3jBySOGqqIh@gmail.com
39,M,kQrAQqV8RTIM,55107,kQrAQqV8RTIM@gmail.com
49,M,hp88qC2239eL,21044,hp88qC2239eL@gmail.com
40,F,pxZXMKgl4HPN,30030,pxZXMKgl4HPN@gmail.com
32,M,aDvZvFi5fJpk,55369,aDvZvFi5fJpk@gmail.com
41,M,qlvT6lD3eBSH,94043,qlvT6lD3eBSH@gmail.com
7,M,VkYiye4xKQgf,55436,VkYiye4xKQgf@gmail.com
24,M,SSHYNl8bPG2X,10003,SSHYNl8bPG2X@gmail.com
28,F,Q3ESMJIrb2oX,78741,Q3ESMJIrb2oX@gmail.com
23,M,LqquYYO4Ve5Z,27510,LqquYYO4Ve5Z@gmail.com
38,F,WwbvmqU4mJd8,42141,WwbvmqU4mJd8@gmail.com
20,F,Be2Yc9zquGTd,42459,Be2Yc9zquGTd@gmail.com
19,F,fg7UN45uUBJW,93117,fg7UN45uUBJW@gmail.com
23,M,1oO3YNF8GjfW,55105,1oO3YNF8GjfW@gmail.com
28,F,5jD4tAw9KyKu,54467,5jD4tAw9KyKu@gmail.com
41,M,R8IEnGBrtwbd,01040,R8IEnGBrtwbd@gmail.com
38,M,OcSeceYPwpVD,27514,OcSeceYPwpVD@gmail.com
33,M,92G9yqnWFkxw,80525,92G9yqnWFkxw@gmail.com
30,M,A7kPKhsVh14E,17870,A7kPKhsVh14E@gmail.com
29,F,Iv2wtbWCjcDv,20854,Iv2wtbWCjcDv@gmail.com
26,M,CZLozdHodLCF,46260,CZLozdHodLCF@gmail.com
29,M,tHvxW9BuLr8C,50233,tHvxW9BuLr8C@gmail.com
27,F,mfcqbC6FsJif,46538,mfcqbC6FsJif@gmail.com
53,M,IPbbkoXg5r6J,07102,IPbbkoXg5r6J@gmail.com
45,M,XkeUhOeesQkr,12550,XkeUhOeesQkr@gmail.com
23,F,gnZT3vC6TWM1,76111,gnZT3vC6TWM1@gmail.com
21,M,8LBFqBTvQSWf,52245,8LBFqBTvQSWf@gmail.com
28,M,CqxmVpBQudhs,16509,CqxmVpBQudhs@gmail.com
18,F,Z3NekFQTai3Z,55105,Z3NekFQTai3Z@gmail.com
26,M,mOUQtsrLfuzo,55414,mOUQtsrLfuzo@gmail.com
22,M,hSWmPepFh4In,66315,hSWmPepFh4In@gmail.com
37,M,lEQUqG5iKEsr,01331,lEQUqG5iKEsr@gmail.com
25,M,gBOSJfeh1dvF,46260,gBOSJfeh1dvF@gmail.com
16,M,LemjYx6cgjen,84010,LemjYx6cgjen@gmail.com
27,M,PJUNeWbWcjQl,52246,PJUNeWbWcjQl@gmail.com
49,M,D1eDMlNfqHCI,08403,D1eDMlNfqHCI@gmail.com
50,M,tjck6KYcbAUr,06472,tjck6KYcbAUr@gmail.com
36,M,hOzXAycOGj1q,30040,hOzXAycOGj1q@gmail.com
27,F,udA3g29nUTkS,97214,udA3g29nUTkS@gmail.com
31,M,jiEzHEcX1NsN,75240,jiEzHEcX1NsN@gmail.com
32,M,ALmQWjxWO2Av,43202,ALmQWjxWO2Av@gmail.com
51,F,fAQ8rnaM1Y7a,48118,fAQ8rnaM1Y7a@gmail.com
23,M,ErLo7yF58QOY,80521,ErLo7yF58QOY@gmail.com
17,M,wQ46KXgbpRds,60402,wQ46KXgbpRds@gmail.com
19,M,bkyiYDPr6KjW,22904,bkyiYDPr6KjW@gmail.com
24,M,MhlrXZDRouhA,55337,MhlrXZDRouhA@gmail.com
27,M,l4MmPRi6Xn1l,60067,l4MmPRi6Xn1l@gmail.com
39,M,L6QChrsUpZtp,98034,L6QChrsUpZtp@gmail.com
48,F,bPVC7zt847IB,73034,bPVC7zt847IB@gmail.com
24,M,JHERMiNzq4Wa,41850,JHERMiNzq4Wa@gmail.com
39,M,CoPJJzUL71Aq,T8H1N,CoPJJzUL71Aq@gmail.com
24,M,DTxhrBV32Wzb,08816,DTxhrBV32Wzb@gmail.com
20,M,paY9hXaFU1w2,02215,paY9hXaFU1w2@gmail.com
30,M,fgUMevW58RWO,29379,fgUMevW58RWO@gmail.com
26,M,aqSddsOBrTHn,61801,aqSddsOBrTHn@gmail.com
39,F,4rD81nebcZyl,03755,4rD81nebcZyl@gmail.com
34,F,AVAx3LzDXOr7,52241,AVAx3LzDXOr7@gmail.com
21,M,QKJkySWgtFYj,21218,QKJkySWgtFYj@gmail.com
50,M,yYNpeJT4Icvf,22902,yYNpeJT4Icvf@gmail.com
40,M,CEv4Gs3xly5k,44133,CEv4Gs3xly5k@gmail.com
32,M,tsK7a8MUa7ca,55369,tsK7a8MUa7ca@gmail.com
51,M,3MFi2BU8Y1O7,20003,3MFi2BU8Y1O7@gmail.com
26,M,hJgrS8XIDfnt,46005,hJgrS8XIDfnt@gmail.com
47,M,LmyS8TnA9Pf1,89503,LmyS8TnA9Pf1@gmail.com
49,F,jk54WVu3Wf9x,11701,jk54WVu3Wf9x@gmail.com
43,F,TdiIL4LJzIS2,68106,TdiIL4LJzIS2@gmail.com
60,M,L6Pfa3jecJj6,78155,L6Pfa3jecJj6@gmail.com
55,M,yJ8xTnZBSixH,01913,yJ8xTnZBSixH@gmail.com
32,M,M7bzd12P1vRS,80525,M7bzd12P1vRS@gmail.com
48,M,z5jo7fcrhP1I,23112,z5jo7fcrhP1I@gmail.com
26,M,YRY7LC4sh3rO,71457,YRY7LC4sh3rO@gmail.com
31,M,QrUGEEouiDTr,10707,QrUGEEouiDTr@gmail.com
25,F,3cBykkaqOnge,75206,3cBykkaqOnge@gmail.com
43,M,XEU7wAiRbq9o,98006,XEU7wAiRbq9o@gmail.com
49,F,ddbO193Fd2DB,90291,ddbO193Fd2DB@gmail.com
20,M,K5hAoqNKKZ76,63129,K5hAoqNKKZ76@gmail.com
36,M,XZpMOuhpLBfI,90254,XZpMOuhpLBfI@gmail.com
15,M,MYQqFat113a6,05146,MYQqFat113a6@gmail.com
38,M,itxjimFG2aND,30220,itxjimFG2aND@gmail.com
26,M,3NuNrU8InaG3,55108,3NuNrU8InaG3@gmail.com
27,M,WOUcmkJwtphm,55108,WOUcmkJwtphm@gmail.com
24,M,16TKUlXKeacQ,94043,16TKUlXKeacQ@gmail.com
61,M,sp6VZNqh58zJ,55125,sp6VZNqh58zJ@gmail.com
39,M,He8lNaraVDMv,60466,He8lNaraVDMv@gmail.com
44,M,oU5IKJR3dUUs,63130,oU5IKJR3dUUs@gmail.com
29,M,nHVYmWbayBxZ,55423,nHVYmWbayBxZ@gmail.com
19,M,M3lUgctKoiKH,77840,M3lUgctKoiKH@gmail.com
57,M,GCsm8a2Kbcpl,90630,GCsm8a2Kbcpl@gmail.com
30,M,P2SPszKRz1FW,60613,P2SPszKRz1FW@gmail.com
47,M,ROpQCTy14Pyl,95032,ROpQCTy14Pyl@gmail.com
27,M,JXjShwhhqMo8,75013,JXjShwhhqMo8@gmail.com
31,M,ZQBXCq1hLa2Q,17110,ZQBXCq1hLa2Q@gmail.com
40,M,xElZjZb8zMdH,97232,xElZjZb8zMdH@gmail.com
20,M,lGSTdHgUDOSZ,16125,lGSTdHgUDOSZ@gmail.com
21,M,9gyaNivqWPtn,90210,9gyaNivqWPtn@gmail.com
32,M,XegknIOVVFdc,67401,XegknIOVVFdc@gmail.com
47,F,CHZYnGzv3HQC,06260,CHZYnGzv3HQC@gmail.com
54,M,MFuMnfLgxCMC,99603,MFuMnfLgxCMC@gmail.com
32,F,5SRnCGOpRdEY,22206,5SRnCGOpRdEY@gmail.com
48,F,b26gn65nR2Iv,20008,b26gn65nR2Iv@gmail.com
34,M,fNiy2p77gzHF,60615,fNiy2p77gzHF@gmail.com
30,M,MyioQ4cvEdFp,22202,MyioQ4cvEdFp@gmail.com
28,F,8tkwgxoCdVLU,20015,8tkwgxoCdVLU@gmail.com
33,M,3gzlRpIlAGx5,73439,3gzlRpIlAGx5@gmail.com
24,F,igltt81nSbuR,20009,igltt81nSbuR@gmail.com
36,F,GJmWPL2X4k7I,07039,GJmWPL2X4k7I@gmail.com
20,M,6bpGXYd8Ns8z,60115,6bpGXYd8Ns8z@gmail.com
59,F,TFz2JMtcY4ex,15237,TFz2JMtcY4ex@gmail.com
24,M,j9O4Lz3caijo,94612,j9O4Lz3caijo@gmail.com
53,M,FWwiTvGyrhVs,78602,FWwiTvGyrhVs@gmail.com
31,M,iv2cGIoONupF,80236,iv2cGIoONupF@gmail.com
23,M,F4FMMVSSWRfv,38401,F4FMMVSSWRfv@gmail.com
51,M,4EEX2WgJ1xGS,97365,4EEX2WgJ1xGS@gmail.com
50,M,NiKhoN7ZVFiD,84408,NiKhoN7ZVFiD@gmail.com
46,M,5b7LY3sNwhVO,53211,5b7LY3sNwhVO@gmail.com
20,M,XHCO2ZHkdWzG,08904,XHCO2ZHkdWzG@gmail.com
30,F,kCAaJR46aZXO,32250,kCAaJR46aZXO@gmail.com
49,M,xxj6oEI1D5KK,36117,xxj6oEI1D5KK@gmail.com
13,M,h5YZdkMj9CVm,48118,h5YZdkMj9CVm@gmail.com
42,M,lknpaSGJxskL,08832,lknpaSGJxskL@gmail.com
53,M,ffnL2MsGRg4P,20910,ffnL2MsGRg4P@gmail.com
31,M,G4Yy5J1M64IZ,V3N4P,G4Yy5J1M64IZ@gmail.com
45,M,wAW3vkjqHMSA,83814,wAW3vkjqHMSA@gmail.com
40,F,r5cvwhmyk8gJ,02143,r5cvwhmyk8gJ@gmail.com
33,M,LXwjJ9LvtOcB,97006,LXwjJ9LvtOcB@gmail.com
35,F,2hMdVjnkUQGe,17325,2hMdVjnkUQGe@gmail.com
20,F,el67WEUjvLfi,02139,el67WEUjvLfi@gmail.com
38,F,tPwuqLCPMrCa,48103,tPwuqLCPMrCa@gmail.com
33,F,Z5VzAFqDqh1Z,68767,Z5VzAFqDqh1Z@gmail.com
25,M,y2maGWf5fHXC,60641,y2maGWf5fHXC@gmail.com
25,M,3RmbuP9ig5y7,53703,3RmbuP9ig5y7@gmail.com
32,F,xx6KHST6IJ3e,11217,xx6KHST6IJ3e@gmail.com
25,M,83tLNz6rQZKi,08360,83tLNz6rQZKi@gmail.com
57,M,xi4XPlbU9Sjg,70808,xi4XPlbU9Sjg@gmail.com
50,M,DFzjDaQPamS1,27606,DFzjDaQPamS1@gmail.com
23,F,n8SkZTqGJyFU,55346,n8SkZTqGJyFU@gmail.com
27,M,BGekRGsonX9N,66215,BGekRGsonX9N@gmail.com
50,M,N8ua6GpKCzAJ,55104,N8ua6GpKCzAJ@gmail.com
25,M,gyp7SaCGeiA3,15610,gyp7SaCGeiA3@gmail.com
49,M,TJ7YoUYJ9Fkb,97212,TJ7YoUYJ9Fkb@gmail.com
47,M,MP4tIravEhT7,80123,MP4tIravEhT7@gmail.com
20,F,ra6z96CvmfQZ,53715,ra6z96CvmfQZ@gmail.com
47,M,Uj5BHcgvvrsL,55113,Uj5BHcgvvrsL@gmail.com
37,M,THLQZDqRXR3L,L9G2B,THLQZDqRXR3L@gmail.com
48,M,TKLHzFdKGQZ2,80127,TKLHzFdKGQZ2@gmail.com
52,F,KJaBwXTNwlRS,53705,KJaBwXTNwlRS@gmail.com
53,F,m43pDi5GiVfj,30067,m43pDi5GiVfj@gmail.com
48,F,CQICNTPC1blf,78750,CQICNTPC1blf@gmail.com
55,M,e4E4Z7zOKXSW,22207,e4E4Z7zOKXSW@gmail.com
56,M,UBFYyPsCOU51,22306,UBFYyPsCOU51@gmail.com
30,F,KbMo7IGSz6Vy,52302,KbMo7IGSz6Vy@gmail.com
26,F,McNsk6F4aP89,21911,McNsk6F4aP89@gmail.com
28,M,wGpbdcsV3wgs,07030,wGpbdcsV3wgs@gmail.com
20,M,HjaMV4KmAVIe,19104,HjaMV4KmAVIe@gmail.com
26,M,gotSvcIeLwcL,49512,gotSvcIeLwcL@gmail.com
15,M,My9gWYYs2LgU,20755,My9gWYYs2LgU@gmail.com
22,F,dhjJZ96kAneH,60202,dhjJZ96kAneH@gmail.com
26,M,cTCsh8cAVmCM,21218,cTCsh8cAVmCM@gmail.com
36,M,ZWnlb4UynZP7,33884,ZWnlb4UynZP7@gmail.com
33,M,2FFTQER8lGzS,27708,2FFTQER8lGzS@gmail.com
37,M,ltbhOfAC1NuJ,76013,ltbhOfAC1NuJ@gmail.com
53,F,XuMUHzKlzzy6,97403,XuMUHzKlzzy6@gmail.com
39,F,zYt7q8oOcqSn,00000,zYt7q8oOcqSn@gmail.com
26,M,VxCFtKMUiiFs,16801,VxCFtKMUiiFs@gmail.com
42,M,jNtdMR3pQgGZ,29440,jNtdMR3pQgGZ@gmail.com
32,M,pBfZPTKlFPTW,95014,pBfZPTKlFPTW@gmail.com
30,M,HCjaJegCMtQR,95938,HCjaJegCMtQR@gmail.com
33,M,wbJ58FPJCZZR,95161,wbJ58FPJCZZR@gmail.com
42,M,SPWFq6JIgZJ3,90840,SPWFq6JIgZJ3@gmail.com
29,M,sHtszNKGX3Sb,49931,sHtszNKGX3Sb@gmail.com
38,M,3wHSfj8gAs7y,02154,3wHSfj8gAs7y@gmail.com
42,M,nhpGxHp1e64G,93555,nhpGxHp1e64G@gmail.com
49,M,cAmorXyEtxSr,55105,cAmorXyEtxSr@gmail.com
55,M,YbqrTZjJ7nqC,75094,YbqrTZjJ7nqC@gmail.com
21,F,xtbhJxemdwwo,55414,xtbhJxemdwwo@gmail.com
30,M,lelOzLrYADvp,17604,lelOzLrYADvp@gmail.com
40,M,DIhEc6okKCXj,93402,DIhEc6okKCXj@gmail.com
27,M,71WdUfpxFaEY,E2A4H,71WdUfpxFaEY@gmail.com
41,F,VWpXu41UVHxs,60201,VWpXu41UVHxs@gmail.com
25,F,zhf33kynIAj8,32301,zhf33kynIAj8@gmail.com
52,F,TB5UUpnsTrpg,10960,TB5UUpnsTrpg@gmail.com
47,M,UTU1HDmmFR6F,06371,UTU1HDmmFR6F@gmail.com
14,F,XIsi3NG6rplK,53115,XIsi3NG6rplK@gmail.com
39,M,iXNiGRNzACrv,92037,iXNiGRNzACrv@gmail.com
43,M,qgHn2xASiK7k,01720,qgHn2xASiK7k@gmail.com
33,F,RuWsxJSjWpap,85710,RuWsxJSjWpap@gmail.com
39,M,hvGkhhIUQMyD,03060,hvGkhhIUQMyD@gmail.com
66,M,tYIfUkbgkIPo,32605,tYIfUkbgkIPo@gmail.com
49,F,H3bV4NXNsV7T,61401,H3bV4NXNsV7T@gmail.com
33,M,EsF6CFlGTGWw,55345,EsF6CFlGTGWw@gmail.com
26,F,XpGdAksCY947,11231,XpGdAksCY947@gmail.com
35,M,XnMieOylyFJn,63033,XnMieOylyFJn@gmail.com
22,M,1oGGwD3Qk7IN,02215,1oGGwD3Qk7IN@gmail.com
22,M,HQF5ArR1UWUV,11727,HQF5ArR1UWUV@gmail.com
37,M,TGiFwUSViZfv,06513,TGiFwUSViZfv@gmail.com
32,M,8ToeEcpFKGNG,43212,8ToeEcpFKGNG@gmail.com
30,M,NVzcyofhaDkf,78205,NVzcyofhaDkf@gmail.com
19,M,QzWsnnyAh8qZ,20685,QzWsnnyAh8qZ@gmail.com
29,M,1kH5YbURzP3h,27502,1kH5YbURzP3h@gmail.com
19,F,kuT5RwfTG9A8,47906,kuT5RwfTG9A8@gmail.com
31,F,y6Febp2cBaY1,43512,y6Febp2cBaY1@gmail.com
51,F,SWt7STwVlQCQ,58202,SWt7STwVlQCQ@gmail.com
28,M,fj5r8U8GckOb,92103,fj5r8U8GckOb@gmail.com
46,M,RiWEK2F7XVty,60659,RiWEK2F7XVty@gmail.com
21,F,W6N3QQF6DbKH,22003,W6N3QQF6DbKH@gmail.com
29,F,3yIjgWjoU7XG,22903,3yIjgWjoU7XG@gmail.com
28,F,Q5uiBKO7hEMw,14476,Q5uiBKO7hEMw@gmail.com
48,M,jj5rkDglzUJc,01080,jj5rkDglzUJc@gmail.com
45,M,AXMINxQUt5VZ,99709,AXMINxQUt5VZ@gmail.com
38,M,Zno2BKdef9lW,98682,Zno2BKdef9lW@gmail.com
60,M,2gNJLCq59tzU,94702,2gNJLCq59tzU@gmail.com
37,M,zr7RJmXShRrg,22973,zr7RJmXShRrg@gmail.com
44,F,obhIRg5Oayw7,53214,obhIRg5Oayw7@gmail.com
49,M,I1xZTuzkAEx8,63146,I1xZTuzkAEx8@gmail.com
42,F,w8XHPYLd1syR,44124,w8XHPYLd1syR@gmail.com
39,M,BomOYagWvCIH,95628,BomOYagWvCIH@gmail.com
23,F,61MIT6CMwDDM,20784,61MIT6CMwDDM@gmail.com
26,F,M9JU8aU4saGM,20001,M9JU8aU4saGM@gmail.com
33,M,biL4YkYfZUvV,31404,biL4YkYfZUvV@gmail.com
33,M,FwPbfZswvYwC,60201,FwPbfZswvYwC@gmail.com
28,M,sABHQMImGGFD,80525,sABHQMImGGFD@gmail.com
22,M,TRzKX2iYdCEW,55109,TRzKX2iYdCEW@gmail.com
19,M,w92HtlvE1utu,28734,w92HtlvE1utu@gmail.com
28,M,3LIgk2OFtPpl,20770,3LIgk2OFtPpl@gmail.com
25,M,jO2uYzwntIlM,37235,jO2uYzwntIlM@gmail.com
25,M,VbOmq8tuHKyu,84103,VbOmq8tuHKyu@gmail.com
29,M,xXTgTGRwBfwz,95110,xXTgTGRwBfwz@gmail.com
28,M,3pr536Le8WtE,85032,3pr536Le8WtE@gmail.com
42,M,87D9LXSAzvTd,07733,87D9LXSAzvTd@gmail.com
26,F,LScphKaGprXQ,22903,LScphKaGprXQ@gmail.com
44,M,Wfp1G9ksMmtf,42647,Wfp1G9ksMmtf@gmail.com
23,M,JMZKURTfwNIO,07029,JMZKURTfwNIO@gmail.com
35,F,ngYJoc3GkTNP,39042,ngYJoc3GkTNP@gmail.com
17,M,NyUMwFQp421s,77005,NyUMwFQp421s@gmail.com
19,F,EQYwjo3cs8Jm,77801,EQYwjo3cs8Jm@gmail.com
21,M,19xMcJRzZEH2,48823,19xMcJRzZEH2@gmail.com
40,F,skUwRma8c7Wy,89801,skUwRma8c7Wy@gmail.com
28,M,g1mHp5sDR68L,85202,g1mHp5sDR68L@gmail.com
19,F,kFGMlGSl4FQH,78264,kFGMlGSl4FQH@gmail.com
41,M,sJqmAHaEbPZY,55346,sJqmAHaEbPZY@gmail.com
36,F,bE1KCXABbfNf,90064,bE1KCXABbfNf@gmail.com
26,M,M5yuWrmdUWAs,84601,M5yuWrmdUWAs@gmail.com
62,F,mviZTkMJLgEM,78756,mviZTkMJLgEM@gmail.com
23,M,hglumYhXyvPg,83716,hglumYhXyvPg@gmail.com
24,M,pOJ3gl4wtx8F,19422,pOJ3gl4wtx8F@gmail.com
31,F,D52LINQq3L71,43201,D52LINQq3L71@gmail.com
18,F,KAFBJm9gAeS8,63119,KAFBJm9gAeS8@gmail.com
51,M,boFoG2WRrVAl,22932,boFoG2WRrVAl@gmail.com
33,M,Z9l3VkyUK8bp,53706,Z9l3VkyUK8bp@gmail.com
50,F,Z2QRMIIyDCUL,10016,Z2QRMIIyDCUL@gmail.com
20,F,gHLtxHIscjyO,55414,gHLtxHIscjyO@gmail.com
38,M,U2pvlfBCM5Kk,92064,U2pvlfBCM5Kk@gmail.com
21,M,bloiziG9kxVK,95064,bloiziG9kxVK@gmail.com
35,F,etEoxq8VmyPn,55406,etEoxq8VmyPn@gmail.com
37,F,7jl99Znq5cD5,30033,7jl99Znq5cD5@gmail.com
33,M,Ld6A5LpacCYB,85251,Ld6A5LpacCYB@gmail.com
30,F,hXdJflMMFbpX,22903,hXdJflMMFbpX@gmail.com
15,F,yqZWRJadpQng,06059,yqZWRJadpQng@gmail.com
22,M,rkF3b4Lqq6Nv,20057,rkF3b4Lqq6Nv@gmail.com
28,M,9lpyRPvJvx1C,55305,9lpyRPvJvx1C@gmail.com
40,M,ZqjT8z5SntJJ,92629,ZqjT8z5SntJJ@gmail.com
25,M,fGvU9EKcKzTX,53713,fGvU9EKcKzTX@gmail.com
27,M,hr2bQxUVPdW3,15217,hr2bQxUVPdW3@gmail.com
21,M,9K4WYP57fuqJ,31211,9K4WYP57fuqJ@gmail.com
34,M,XXmOEkyugT8D,23226,XXmOEkyugT8D@gmail.com
11,M,psTsUOA6lYqq,94619,psTsUOA6lYqq@gmail.com
40,M,NvXwJxAvjfC3,93550,NvXwJxAvjfC3@gmail.com
19,M,bpXwwbgUzahW,44106,bpXwwbgUzahW@gmail.com
35,F,UXPcM3fClkmC,94703,UXPcM3fClkmC@gmail.com
24,M,6YzJmOtakRnu,60804,6YzJmOtakRnu@gmail.com
34,M,SwvNwO1v3QOh,92110,SwvNwO1v3QOh@gmail.com
31,M,JCdmnHtKPMe2,50325,JCdmnHtKPMe2@gmail.com
43,F,G5qRpV6YDe9i,16803,G5qRpV6YDe9i@gmail.com
29,F,pdTvmcc6EJOq,98103,pdTvmcc6EJOq@gmail.com
44,M,ON93Apv1K2Fq,01581,ON93Apv1K2Fq@gmail.com
29,M,E4wJVgKtQ7qV,63108,E4wJVgKtQ7qV@gmail.com
26,F,LgGGdZPziiGf,55106,LgGGdZPziiGf@gmail.com
24,M,o9dAO664Xqc2,55439,o9dAO664Xqc2@gmail.com
42,M,vHmxpk3BG4z1,77904,vHmxpk3BG4z1@gmail.com
19,M,PKiQQRc6UNFE,14853,PKiQQRc6UNFE@gmail.com
22,F,HY8uG1boBuyd,71701,HY8uG1boBuyd@gmail.com
23,M,Bsy3EbIU3cz5,94086,Bsy3EbIU3cz5@gmail.com
45,M,ChwumLvDzPom,73132,ChwumLvDzPom@gmail.com
25,M,jb3PjQDqi2CF,55454,jb3PjQDqi2CF@gmail.com
60,M,8LX9mjNsVB6A,95076,8LX9mjNsVB6A@gmail.com
40,M,EjuvSuB6RSfE,70802,EjuvSuB6RSfE@gmail.com
37,M,pUQB2xA8aHvD,91711,pUQB2xA8aHvD@gmail.com
32,M,Ug366ri8crFr,73071,Ug366ri8crFr@gmail.com
48,M,q9mDGhRBp3RX,02110,q9mDGhRBp3RX@gmail.com
41,M,9KUF7GxEh4Ki,60035,9KUF7GxEh4Ki@gmail.com
20,F,TAJwFHnYTrWJ,08043,TAJwFHnYTrWJ@gmail.com
31,M,IWPYVd1uHghc,18301,IWPYVd1uHghc@gmail.com
43,F,zDLnt4RvQ9oZ,77009,zDLnt4RvQ9oZ@gmail.com
22,M,zOcawAbjMwZX,13210,zOcawAbjMwZX@gmail.com
65,M,EPMsza6Eg4c5,06518,EPMsza6Eg4c5@gmail.com
38,M,TSKkpAwswlS5,22030,TSKkpAwswlS5@gmail.com
19,M,gS3yJ5o4cO2O,24060,gS3yJ5o4cO2O@gmail.com
49,F,UuuB7nxHyFYq,55413,UuuB7nxHyFYq@gmail.com
20,M,Q7SLutpvYbry,50613,Q7SLutpvYbry@gmail.com
21,M,9GhxVRvot7Ny,19149,9GhxVRvot7Ny@gmail.com
21,F,W4jk8nOUg5Ve,02176,W4jk8nOUg5Ve@gmail.com
48,M,VOa2uhPS8bxo,02139,VOa2uhPS8bxo@gmail.com
41,M,rh4w7iXKqh6D,15235,rh4w7iXKqh6D@gmail.com
22,M,QxgOee9ey5qP,11101,QxgOee9ey5qP@gmail.com
51,M,2HLM46KVWGBo,06779,2HLM46KVWGBo@gmail.com
48,M,vYm3Jp41EyS8,01720,vYm3Jp41EyS8@gmail.com
35,F,nSVK5ZVwjyg9,33884,nSVK5ZVwjyg9@gmail.com
33,M,34AdTPzJAwYG,91344,34AdTPzJAwYG@gmail.com
20,M,9Sjw9Z3NDERk,40504,9Sjw9Z3NDERk@gmail.com
47,M,2ACc7vkCCxOg,V0R2M,2ACc7vkCCxOg@gmail.com
32,M,D85bZ37QpJ1a,30002,D85bZ37QpJ1a@gmail.com
45,M,1EMl51y5yU8Z,33775,1EMl51y5yU8Z@gmail.com
23,M,SLZYLoXRihDP,42101,SLZYLoXRihDP@gmail.com
37,M,sxLlDEuebjAm,10522,sxLlDEuebjAm@gmail.com
39,F,kSqEUMdqPG1h,59717,kSqEUMdqPG1h@gmail.com
35,M,yCVdGd6omG4J,37901,yCVdGd6omG4J@gmail.com
46,M,1wEJ2UCRbdXc,80123,1wEJ2UCRbdXc@gmail.com
17,F,2d9jKgh4vcaU,44405,2d9jKgh4vcaU@gmail.com
25,F,jGBt6b5KQldW,98006,jGBt6b5KQldW@gmail.com
43,M,kzcntB5vz38e,30093,kzcntB5vz38e@gmail.com
30,F,rCLhVEiDJcli,94117,rCLhVEiDJcli@gmail.com
28,F,nOkOerRVWBMw,94143,nOkOerRVWBMw@gmail.com
34,M,CfyMm5TPdQfI,76059,CfyMm5TPdQfI@gmail.com
18,M,9rXXWNiKkE41,90210,9rXXWNiKkE41@gmail.com
24,F,6DAHnDi3JZFR,45660,6DAHnDi3JZFR@gmail.com
68,M,u4PraeUtbbpT,61455,u4PraeUtbbpT@gmail.com
32,M,b7r5EfEbkPqz,97301,b7r5EfEbkPqz@gmail.com
61,M,upAfb9fudnQM,49938,upAfb9fudnQM@gmail.com
37,F,HkbB4E7NMDJw,55105,HkbB4E7NMDJw@gmail.com
25,M,9dSfv32Axai8,28480,9dSfv32Axai8@gmail.com
29,F,GFlFFcmCwGDh,48197,GFlFFcmCwGDh@gmail.com
25,M,H2woYi7PO4pr,60135,H2woYi7PO4pr@gmail.com
32,F,YNWEm7MeDleg,92688,YNWEm7MeDleg@gmail.com
26,M,1VNDrX5AwEvp,98133,1VNDrX5AwEvp@gmail.com
40,M,4vrE6mEm2cI5,10022,4vrE6mEm2cI5@gmail.com
22,M,jxFlxucgKdf5,61801,jxFlxucgKdf5@gmail.com
51,M,3uvY2ElRoCov,98027,3uvY2ElRoCov@gmail.com
22,M,gVkaSsymu4bv,44074,gVkaSsymu4bv@gmail.com
35,F,CCdnwxZx1GyO,85233,CCdnwxZx1GyO@gmail.com
20,M,stUUr8itORUV,87501,stUUr8itORUV@gmail.com
63,M,OSNgnEvno6Wm,01810,OSNgnEvno6Wm@gmail.com
29,M,CdkKhsR3KVGS,20009,CdkKhsR3KVGS@gmail.com
20,F,ApkICuagBgBx,50670,ApkICuagBgBx@gmail.com
17,M,RgjveWs5kJPE,37411,RgjveWs5kJPE@gmail.com
18,M,8XYoGPCOxzCo,92113,8XYoGPCOxzCo@gmail.com
24,M,KV1HCr9eRUVR,91335,KV1HCr9eRUVR@gmail.com
52,M,4Jr2IwC67AnW,08534,4Jr2IwC67AnW@gmail.com
36,M,27FRKaTyiIdM,99206,27FRKaTyiIdM@gmail.com
25,F,Z12sPnkyAuLJ,66046,Z12sPnkyAuLJ@gmail.com
24,F,Kg68hijqdeQf,55116,Kg68hijqdeQf@gmail.com
36,M,FDqsmcBxi34p,78746,FDqsmcBxi34p@gmail.com
17,M,FcXHJDcnIyOQ,37777,FcXHJDcnIyOQ@gmail.com
28,F,a2NccPzkKxXI,10010,a2NccPzkKxXI@gmail.com
22,M,uuZ8tiEKtpgA,18015,uuZ8tiEKtpgA@gmail.com
35,M,KpGi1WLKzuNY,02859,KpGi1WLKzuNY@gmail.com
44,M,LuWoquvcXrpJ,98117,LuWoquvcXrpJ@gmail.com
32,M,NyRydil9Jq6P,55117,NyRydil9Jq6P@gmail.com
33,M,XS9gYeew2eQd,94608,XS9gYeew2eQd@gmail.com
45,M,vxxcvIAFq6h3,01824,vxxcvIAFq6h3@gmail.com
42,M,Hu1ZKdw4GNxs,75204,Hu1ZKdw4GNxs@gmail.com
52,M,tYHbY97tiqva,45218,tYHbY97tiqva@gmail.com
36,M,qrcvAIhalyEk,10003,qrcvAIhalyEk@gmail.com
36,M,NgPy2i7ZF6W8,43221,NgPy2i7ZF6W8@gmail.com
33,M,A6cHwT1lumrM,37412,A6cHwT1lumrM@gmail.com
31,M,2x4FoKzmPXqV,36106,2x4FoKzmPXqV@gmail.com
44,F,6RIfsS4QVkqJ,83702,6RIfsS4QVkqJ@gmail.com
42,F,2asRQuV7OhdG,85016,2asRQuV7OhdG@gmail.com
23,M,O5vJows4gdui,84604,O5vJows4gdui@gmail.com
52,M,UYE3pkCbkSwj,59801,UYE3pkCbkSwj@gmail.com
19,M,N2tXs9xcw1O4,83686,N2tXs9xcw1O4@gmail.com
25,M,JdPI2vrZR7Hx,96819,JdPI2vrZR7Hx@gmail.com
43,M,41FP7J4vAZjI,44092,41FP7J4vAZjI@gmail.com
57,M,na8rdESkq5rI,94551,na8rdESkq5rI@gmail.com
17,M,z9LR8U8Wqfcb,27514,z9LR8U8Wqfcb@gmail.com
40,M,97eExyN3oY6T,60008,97eExyN3oY6T@gmail.com
25,M,IxlcXxzfPBS8,92374,IxlcXxzfPBS8@gmail.com
33,F,Zl1Rr3rfcVDj,78213,Zl1Rr3rfcVDj@gmail.com
46,F,J7XoD1esqkPi,84107,J7XoD1esqkPi@gmail.com
30,M,JdS1ztIFPYAs,95129,JdS1ztIFPYAs@gmail.com
37,M,H5dd22MOgUtV,06811,H5dd22MOgUtV@gmail.com
29,F,rrDqoIn7HVsC,55108,rrDqoIn7HVsC@gmail.com
22,F,y4yJPkmo5YSv,10019,y4yJPkmo5YSv@gmail.com
52,M,o5wa91k8i2Rd,93109,o5wa91k8i2Rd@gmail.com
29,M,Mjshn2to8SsP,03261,Mjshn2to8SsP@gmail.com
23,M,Wa7SeqMC8k3u,61755,Wa7SeqMC8k3u@gmail.com
48,M,bXP4QUbZITkA,98225,bXP4QUbZITkA@gmail.com
30,F,rwH4EnfkveSc,94025,rwH4EnfkveSc@gmail.com
34,M,7yupLbLjAH5Q,44691,7yupLbLjAH5Q@gmail.com
25,M,HequcAgsIQBY,15222,HequcAgsIQBY@gmail.com
55,M,W18BwJHYXN5R,78212,W18BwJHYXN5R@gmail.com
24,M,ut3xne7fO949,38115,ut3xne7fO949@gmail.com
39,M,XobJEoiiq41A,85711,XobJEoiiq41A@gmail.com
20,F,pmZSLMFyEfBW,92626,pmZSLMFyEfBW@gmail.com
27,F,xghkeCQppyw8,48103,xghkeCQppyw8@gmail.com
55,F,wNResgkuRwji,21206,wNResgkuRwji@gmail.com
37,M,nzXDamczV4YL,43215,nzXDamczV4YL@gmail.com
53,M,7IL1hQlZVyQw,02140,7IL1hQlZVyQw@gmail.com
38,F,1m8DfCKoFjCo,55105,1m8DfCKoFjCo@gmail.com
26,M,5XSvv3T1jZjb,94533,5XSvv3T1jZjb@gmail.com
64,M,n9IxdmgZvV3S,91606,n9IxdmgZvV3S@gmail.com
36,F,1MDaVA9JDQIh,55422,1MDaVA9JDQIh@gmail.com
19,M,9iuguS8xo1kc,58644,9iuguS8xo1kc@gmail.com
55,M,QliUk5aeNAC1,01602,QliUk5aeNAC1@gmail.com
51,M,tu8UXqK1dKwJ,85258,tu8UXqK1dKwJ@gmail.com
28,M,gRPsDO5RYnO9,55414,gRPsDO5RYnO9@gmail.com
27,M,ISiljNA47B9x,29205,ISiljNA47B9x@gmail.com
38,M,xdALC7FP9XSO,98199,xdALC7FP9XSO@gmail.com
24,M,VVNYT7rvAg3l,92629,VVNYT7rvAg3l@gmail.com
22,M,DYnulHXMu5fL,50311,DYnulHXMu5fL@gmail.com
27,M,CElKEGTr3eUJ,11211,CElKEGTr3eUJ@gmail.com
16,F,e1fYw1XZi6Zm,49705,e1fYw1XZi6Zm@gmail.com
24,M,G28SCFvp83Hq,60007,G28SCFvp83Hq@gmail.com
30,F,BQH5r7cHZjTQ,17345,BQH5r7cHZjTQ@gmail.com
27,F,VLB7dFtGBuD4,20009,VLB7dFtGBuD4@gmail.com
51,F,VFIVScH9YOER,43204,VFIVScH9YOER@gmail.com
23,F,WBSOdIh6etER,20817,WBSOdIh6etER@gmail.com
30,M,H7y11SLQ6622,48076,H7y11SLQ6622@gmail.com
50,M,M9yzR1xgwawy,55013,M9yzR1xgwawy@gmail.com
22,M,jAfIijaxlGZM,85282,jAfIijaxlGZM@gmail.com
35,M,bPx5puIrHZnO,33308,bPx5puIrHZnO@gmail.com
51,F,6bVnfZVKLBKI,53202,6bVnfZVKLBKI@gmail.com
21,M,tJruxA5GziN3,92653,tJruxA5GziN3@gmail.com
57,M,9gHSUaUR5OQ4,60201,9gHSUaUR5OQ4@gmail.com
30,M,agKrswz9fYew,55113,agKrswz9fYew@gmail.com
23,M,YT1ECwGsIqBY,10021,YT1ECwGsIqBY@gmail.com
23,M,uKrBMoVKjn2G,55021,uKrBMoVKjn2G@gmail.com
35,F,3bedcaKbDOHJ,11758,3bedcaKbDOHJ@gmail.com
16,M,bqBXrSUTSkQb,48446,bqBXrSUTSkQb@gmail.com
35,M,auLtmZKqBaws,28018,auLtmZKqBaws@gmail.com
18,M,1RFzRHShDUpa,06333,1RFzRHShDUpa@gmail.com
57,M,UHP9G1PdM9l4,97330,UHP9G1PdM9l4@gmail.com
48,M,lNqtcAKspy2E,83709,lNqtcAKspy2E@gmail.com
24,M,9IOporoETvGH,31820,9IOporoETvGH@gmail.com
33,F,84KBk4dISebk,30011,84KBk4dISebk@gmail.com
47,M,DTFJZG86AiWd,Y1A6B,DTFJZG86AiWd@gmail.com
22,M,3cUtdLNda9e5,29201,3cUtdLNda9e5@gmail.com
44,F,3hkCJnD59RVH,60630,3hkCJnD59RVH@gmail.com
15,M,rnFDuG7eFxSy,98102,rnFDuG7eFxSy@gmail.com
19,F,Q4RmWNyejxbA,02918,Q4RmWNyejxbA@gmail.com
48,F,SOFyKFHC2MkC,75218,SOFyKFHC2MkC@gmail.com
60,M,eX1EqTNgRqiP,94583,eX1EqTNgRqiP@gmail.com
32,M,ZjW3ZXkTxoaS,05001,ZjW3ZXkTxoaS@gmail.com
22,M,CvtGim4CsjWk,90804,CvtGim4CsjWk@gmail.com
29,M,rDgW6vfwuFDo,91201,rDgW6vfwuFDo@gmail.com
28,M,4Y3QWRyzFRyk,02341,4Y3QWRyzFRyk@gmail.com
60,M,LaJzTeqsp2G4,78628,LaJzTeqsp2G4@gmail.com
24,M,Xx24p8kvHIwn,10021,Xx24p8kvHIwn@gmail.com
10,M,wpoik6SjEdWa,77459,wpoik6SjEdWa@gmail.com
24,M,kG3GNcp3CelB,87544,kG3GNcp3CelB@gmail.com
29,M,DQfB1Oejs3yR,94708,DQfB1Oejs3yR@gmail.com
51,M,vwvYcmoY9kHH,93711,vwvYcmoY9kHH@gmail.com
30,M,TrP7QZlcN6JF,75230,TrP7QZlcN6JF@gmail.com
28,M,8UZgeLJaoiMR,60440,8UZgeLJaoiMR@gmail.com
23,F,jecKii9LIofo,02125,jecKii9LIofo@gmail.com
29,M,JauAwI21DJkt,10019,JauAwI21DJkt@gmail.com
30,M,GYUsV3Npikoa,55409,GYUsV3Npikoa@gmail.com
57,M,9CHhwNXbrBlI,98257,9CHhwNXbrBlI@gmail.com
73,M,zVdW6d3PLDKs,37771,zVdW6d3PLDKs@gmail.com
18,F,vBECuyRzWtO4,40256,vBECuyRzWtO4@gmail.com
29,M,DWAPqYGUMHJq,43212,DWAPqYGUMHJq@gmail.com
27,M,6L3rlRD94iKz,21208,6L3rlRD94iKz@gmail.com
44,F,gITQXK13UVgC,95821,gITQXK13UVgC@gmail.com
39,M,5uix8U24vNlc,93101,5uix8U24vNlc@gmail.com
22,M,CjCRVutgiAxV,92121,CjCRVutgiAxV@gmail.com
48,M,nPWr3KfSmGES,21012,nPWr3KfSmGES@gmail.com
55,M,GLfPRMgmYL4E,45218,GLfPRMgmYL4E@gmail.com
29,F,2IeVyQiUtCKs,V5A2B,2IeVyQiUtCKs@gmail.com
43,F,XvqhA59YRDNr,53711,XvqhA59YRDNr@gmail.com
57,M,xajx4U9wJyiM,94618,xajx4U9wJyiM@gmail.com
22,M,QPS48vcZYnPw,60090,QPS48vcZYnPw@gmail.com
38,F,6knDofAgiihd,49428,6knDofAgiihd@gmail.com
29,M,98T8BxD172LM,03052,98T8BxD172LM@gmail.com
21,F,DskFS79cLI8P,55414,DskFS79cLI8P@gmail.com
20,M,teR5QXmsIRNp,50112,teR5QXmsIRNp@gmail.com
26,M,ppKpzikTsIWp,55408,ppKpzikTsIWp@gmail.com
42,M,UyluYKgJ9ssZ,75006,UyluYKgJ9ssZ@gmail.com
28,M,Q9J8H6esc52w,94305,Q9J8H6esc52w@gmail.com
22,M,puZJiDvSXFwt,10025,puZJiDvSXFwt@gmail.com
22,M,AhZdQeM55Xb3,23092,AhZdQeM55Xb3@gmail.com
50,F,FoNbRkd9RLF7,27514,FoNbRkd9RLF7@gmail.com
40,F,scYCros4CLCw,92115,scYCros4CLCw@gmail.com
27,F,tEh6W4xrCrRe,20657,tEh6W4xrCrRe@gmail.com
46,M,5TZM2mfEDh2t,03869,5TZM2mfEDh2t@gmail.com
18,F,AOcwjm9oL6Ua,28450,AOcwjm9oL6Ua@gmail.com
27,M,hxseNqGXaJvg,19382,hxseNqGXaJvg@gmail.com
23,M,T8in4cqiQCAo,10011,T8in4cqiQCAo@gmail.com
34,M,FmJOIN6Wy9tJ,98038,FmJOIN6Wy9tJ@gmail.com
22,M,8nRTKUsVyIQv,21250,8nRTKUsVyIQv@gmail.com
29,M,hnqtwNM1gQxc,20090,hnqtwNM1gQxc@gmail.com
43,M,94kGLkHWw8GW,26241,94kGLkHWw8GW@gmail.com
27,M,EbDODmlKyt4W,20707,EbDODmlKyt4W@gmail.com
53,M,QCkUHwobahiA,49508,QCkUHwobahiA@gmail.com
53,F,5DDLecXyzqv3,10021,5DDLecXyzqv3@gmail.com
24,M,DZdSG88EyAgJ,55454,DZdSG88EyAgJ@gmail.com
49,F,VVYluyfdvcnF,99709,VVYluyfdvcnF@gmail.com
22,M,fIlQoBIk5L4A,55320,fIlQoBIk5L4A@gmail.com
62,M,hyqDPOeXQGk4,12603,hyqDPOeXQGk4@gmail.com
19,M,2lAGUCz73xLw,02146,2lAGUCz73xLw@gmail.com
36,M,YwSryBdGb4NT,55443,YwSryBdGb4NT@gmail.com
50,F,kJWMthyqUzkZ,04102,kJWMthyqUzkZ@gmail.com
56,M,3Q86ztX9RWEQ,02159,3Q86ztX9RWEQ@gmail.com
27,F,QWPWfgTwSUWM,19711,QWPWfgTwSUWM@gmail.com
30,M,Mtqu65Mfs6M6,97124,Mtqu65Mfs6M6@gmail.com
33,M,8sIjW3Rz7JBS,12180,8sIjW3Rz7JBS@gmail.com
18,M,duqhIpTStyDn,55104,duqhIpTStyDn@gmail.com
47,F,lx3H94egI5Id,44224,lx3H94egI5Id@gmail.com
29,M,tNpRcvqeRFBB,94040,tNpRcvqeRFBB@gmail.com
30,F,dXrBXPoTl8he,97408,dXrBXPoTl8he@gmail.com
20,M,3icVzXh5Kj3w,92705,3icVzXh5Kj3w@gmail.com
43,M,1ZMIjJcOtoh1,02324,1ZMIjJcOtoh1@gmail.com
20,M,K951piEXYQuX,05464,K951piEXYQuX@gmail.com
45,F,R8s2BDDHYOtW,80302,R8s2BDDHYOtW@gmail.com
38,M,Bj63uzGjL5Ri,30078,Bj63uzGjL5Ri@gmail.com
36,M,rp6HpNg1CQb9,22902,rp6HpNg1CQb9@gmail.com
31,M,rgF4i9VmublR,21010,rgF4i9VmublR@gmail.com
53,F,PHKmzbgqghqX,80303,PHKmzbgqghqX@gmail.com
28,M,OoXzdORImOut,91201,OoXzdORImOut@gmail.com
19,F,1vojyv8Q1lYj,84302,1vojyv8Q1lYj@gmail.com
21,M,5NPi8WBllRyT,60515,5NPi8WBllRyT@gmail.com
33,M,oEe9l9rjEUSf,95123,oEe9l9rjEUSf@gmail.com
44,F,q3Vq4oxq4yDs,29464,q3Vq4oxq4yDs@gmail.com
27,M,PAMiYEWitCX9,08052,PAMiYEWitCX9@gmail.com
36,M,WAMBcO22KDMJ,22911,WAMBcO22KDMJ@gmail.com
50,M,KyFrrBmaBWf6,14534,KyFrrBmaBWf6@gmail.com
51,M,5CLdEgcTPzB1,95468,5CLdEgcTPzB1@gmail.com
42,M,HpCNp9btPqxf,45680,HpCNp9btPqxf@gmail.com
16,F,5fnFx7f446uz,95453,5fnFx7f446uz@gmail.com
25,M,WnRBgR2SdGEJ,55414,WnRBgR2SdGEJ@gmail.com
45,M,CUoDrwIz9C6l,68147,CUoDrwIz9C6l@gmail.com
58,M,bC1NMD7G7y7O,62901,bC1NMD7G7y7O@gmail.com
32,M,SKxkuLWVGKpO,62901,SKxkuLWVGKpO@gmail.com
29,F,6VbHreVX1d1k,23227,6VbHreVX1d1k@gmail.com
35,F,AaoZyxslVXgM,30606,AaoZyxslVXgM@gmail.com
30,F,wQNNDuC4HRly,11217,wQNNDuC4HRly@gmail.com
56,F,TsnZ8CvIC7ms,63132,TsnZ8CvIC7ms@gmail.com
69,M,uQK6Lg5tRD2H,10022,uQK6Lg5tRD2H@gmail.com
32,M,q1gonRhEeGta,10003,q1gonRhEeGta@gmail.com
23,M,j1hGKKHEDUbr,60005,j1hGKKHEDUbr@gmail.com
54,F,KYB3wtBLYACX,20879,KYB3wtBLYACX@gmail.com
39,F,yzHNyAaTN17Y,32707,yzHNyAaTN17Y@gmail.com
65,M,i3oDGp2zkuG1,94591,i3oDGp2zkuG1@gmail.com
40,M,PGuhJBZ1vO7p,55422,PGuhJBZ1vO7p@gmail.com
20,M,slhZRs5k6qrY,14627,slhZRs5k6qrY@gmail.com
24,M,jvf7bD64DpnK,10003,jvf7bD64DpnK@gmail.com
39,M,JndRdTeidEhH,01915,JndRdTeidEhH@gmail.com
34,M,4qfbdr9Xfs57,91903,4qfbdr9Xfs57@gmail.com
26,M,r4lp2gCQeLx2,14627,r4lp2gCQeLx2@gmail.com
34,M,rHxvf3plRW7X,01945,rHxvf3plRW7X@gmail.com
51,M,KdQqkR29q1ZH,20003,KdQqkR29q1ZH@gmail.com
68,M,rdFLmhEzTEb7,48911,rdFLmhEzTEb7@gmail.com
56,M,Hl843EV2DRS4,53188,Hl843EV2DRS4@gmail.com
33,M,S8UjJ1qqUBKc,46032,S8UjJ1qqUBKc@gmail.com
48,M,73pSKDwFZp8D,98281,73pSKDwFZp8D@gmail.com
36,F,sCWFvy1s8Pis,77845,sCWFvy1s8Pis@gmail.com
31,M,Dh24S2JOBUy4,M7A1A,Dh24S2JOBUy4@gmail.com
32,M,aGdpbBwiYAh3,48103,aGdpbBwiYAh3@gmail.com
16,M,oXZrNYEueYRX,17961,oXZrNYEueYRX@gmail.com
37,M,s5OF3MZjLzLP,94131,s5OF3MZjLzLP@gmail.com
17,M,NIc7uG3KvhD8,93003,NIc7uG3KvhD8@gmail.com
44,M,fVfvCOzzPg3n,29631,fVfvCOzzPg3n@gmail.com
25,M,HwfBPZvYs2fT,27511,HwfBPZvYs2fT@gmail.com
69,M,tLHGheHejlk8,98501,tLHGheHejlk8@gmail.com
20,M,6uDsVCyIbOMn,79508,6uDsVCyIbOMn@gmail.com
26,M,A7G7n3eqJVqB,14216,A7G7n3eqJVqB@gmail.com
18,F,nRwJ8SeYMkYc,93063,nRwJ8SeYMkYc@gmail.com
21,M,akqlptSrzTrz,90034,akqlptSrzTrz@gmail.com
50,M,4SMBPHjmNdcw,82435,4SMBPHjmNdcw@gmail.com
57,F,DzE1rymgFRjx,92093,DzE1rymgFRjx@gmail.com
18,M,c356S9b5niw1,97520,c356S9b5niw1@gmail.com
31,F,cUBwcLKoGqkS,68767,cUBwcLKoGqkS@gmail.com
46,M,NqxygveqD1W5,M4J2K,NqxygveqD1W5@gmail.com
25,M,uGD9HiRfkA7F,31909,uGD9HiRfkA7F@gmail.com
20,M,frOM2AzLJ3W9,77073,frOM2AzLJ3W9@gmail.com
23,M,4b1PRd8jBr4G,84116,4b1PRd8jBr4G@gmail.com
40,F,twxztCA7W4Ia,43085,twxztCA7W4Ia@gmail.com
22,F,bo1F9khcimhv,R3T5K,bo1F9khcimhv@gmail.com
34,M,siwOWvBCJvwO,02320,siwOWvBCJvwO@gmail.com
19,F,otIdt4QTJWeO,99687,otIdt4QTJWeO@gmail.com
47,F,zeycfkUjOgFb,34656,zeycfkUjOgFb@gmail.com
21,M,WkRGyYeKkvNZ,47905,WkRGyYeKkvNZ@gmail.com
39,M,oOsTEwrpHSZi,11787,oOsTEwrpHSZi@gmail.com
33,M,QNqNEZujS5PX,33716,QNqNEZujS5PX@gmail.com
28,M,b9WQ4FZBrwrd,63044,b9WQ4FZBrwrd@gmail.com
49,F,RDYAby2V3nmK,02154,RDYAby2V3nmK@gmail.com
22,M,ELHggppr5wr9,10003,ELHggppr5wr9@gmail.com
13,F,ikz8a4i6n4YQ,55106,ikz8a4i6n4YQ@gmail.com
22,M,uCSdg1rMxOjo,21227,uCSdg1rMxOjo@gmail.com
46,M,3UuezMxXFsPv,77008,3UuezMxXFsPv@gmail.com
36,M,rUunzkr2aEmJ,79070,rUunzkr2aEmJ@gmail.com
37,F,R2hO5LOozhR3,29678,R2hO5LOozhR3@gmail.com
54,M,xklKk5qGXdRs,80227,xklKk5qGXdRs@gmail.com
38,M,tKYiLOk7I6BW,27705,tKYiLOk7I6BW@gmail.com
55,M,gGm4NeB7kgrE,50613,gGm4NeB7kgrE@gmail.com
27,F,8exOu2lvzFiH,11201,8exOu2lvzFiH@gmail.com
15,F,v8sRirtmbR3t,44212,v8sRirtmbR3t@gmail.com
17,M,ZbumDLNWlVcD,44134,ZbumDLNWlVcD@gmail.com
18,F,lj5bvmN7khz5,81648,lj5bvmN7khz5@gmail.com
17,M,XkE2hDLnF7EH,60402,XkE2hDLnF7EH@gmail.com
25,M,PaJM13magTWw,14850,PaJM13magTWw@gmail.com
50,F,2ol2N3qjY9YK,60187,2ol2N3qjY9YK@gmail.com
19,M,3NazZW3Lvy6k,30067,3NazZW3Lvy6k@gmail.com
27,M,MfQBlMKzUcPH,20723,MfQBlMKzUcPH@gmail.com
23,M,XtuTWLZt9gyD,19807,XtuTWLZt9gyD@gmail.com
24,M,vevopRcbAgqH,08034,vevopRcbAgqH@gmail.com
13,M,D15TwWy2KdKp,94306,D15TwWy2KdKp@gmail.com
46,F,8MzydhRgYRhM,44224,8MzydhRgYRhM@gmail.com
26,F,5E6HQy4zS16A,55408,5E6HQy4zS16A@gmail.com
18,F,YXiY6GbGTqYU,38866,YXiY6GbGTqYU@gmail.com
18,M,cfWrXEBATn1X,55454,cfWrXEBATn1X@gmail.com
35,M,mp1KJv2kyVrb,55414,mp1KJv2kyVrb@gmail.com
39,M,eFTscs7yLQ96,T8H1N,eFTscs7yLQ96@gmail.com
22,M,8aSjc6PxVicC,23237,8aSjc6PxVicC@gmail.com
47,M,QrqiXBYxaOGt,48043,QrqiXBYxaOGt@gmail.com
30,M,Li6YqTEUFlFa,74101,Li6YqTEUFlFa@gmail.com
45,M,Ifnx5MwN6Y6E,01940,Ifnx5MwN6Y6E@gmail.com
42,F,T8rFLkMS5ejy,12065,T8rFLkMS5ejy@gmail.com
20,M,UVnRQ7Y9w9LL,61801,UVnRQ7Y9w9LL@gmail.com
24,M,bGSLgaCKlQuK,60626,bGSLgaCKlQuK@gmail.com
18,F,h1zEe6HeOhfj,95521,h1zEe6HeOhfj@gmail.com
39,M,u1tzKPKENkBd,55122,u1tzKPKENkBd@gmail.com
51,M,JqRQnZ8Kj7HB,63645,JqRQnZ8Kj7HB@gmail.com
27,M,e3PxwhdSZbML,53211,e3PxwhdSZbML@gmail.com
17,F,MXTHyjgcusL2,51250,MXTHyjgcusL2@gmail.com
40,M,zAc6kFQE7MLE,45810,zAc6kFQE7MLE@gmail.com
43,M,yDLMFI4ls5Re,91351,yDLMFI4ls5Re@gmail.com
20,M,8SZzlH6IUQaj,39762,8SZzlH6IUQaj@gmail.com
42,M,qrlVMKhOE4y6,83814,qrlVMKhOE4y6@gmail.com
65,M,IKndLIoqlgdP,02903,IKndLIoqlgdP@gmail.com
35,M,MccygPzdYeUB,22911,MccygPzdYeUB@gmail.com
31,M,x6pOFgNJZuAv,55105,x6pOFgNJZuAv@gmail.com
27,F,iDQuzIP7iJQk,78739,iDQuzIP7iJQk@gmail.com
50,F,AW1FsrvtDCHt,60657,AW1FsrvtDCHt@gmail.com
48,M,nIRozHGnrjyA,10314,nIRozHGnrjyA@gmail.com
26,F,P7lwACdOyFEr,78704,P7lwACdOyFEr@gmail.com
33,M,P2RvKipBZxbH,92626,P2RvKipBZxbH@gmail.com
31,M,H1txdlMkAPb4,54248,H1txdlMkAPb4@gmail.com
26,M,c86i8l6m76QA,77380,c86i8l6m76QA@gmail.com
28,M,x9YaGJYTyCRb,98121,x9YaGJYTyCRb@gmail.com
55,M,8tOPTVsZYdW5,19102,8tOPTVsZYdW5@gmail.com
26,M,G1QnBsjNRhsg,19341,G1QnBsjNRhsg@gmail.com
30,M,XKPpjJfJkJIG,94115,XKPpjJfJkJIG@gmail.com
25,M,MheIsNjOVXrf,55412,MheIsNjOVXrf@gmail.com
44,M,5EUodfIy8RwS,61820,5EUodfIy8RwS@gmail.com
35,M,E3rDX6bqpZ7E,01970,E3rDX6bqpZ7E@gmail.com
29,F,28S1pewcjOfT,10016,28S1pewcjOfT@gmail.com
37,M,wqe9jLfSLYc1,20009,wqe9jLfSLYc1@gmail.com
30,M,H6eQyLmpxAU7,21114,H6eQyLmpxAU7@gmail.com
21,M,GSCQrKY8uRRb,91919,GSCQrKY8uRRb@gmail.com
54,F,48OeFB9UzUwx,90095,48OeFB9UzUwx@gmail.com
51,M,OkRuhPHTcznV,22906,OkRuhPHTcznV@gmail.com
13,F,iDwTDOriXCrM,55337,iDwTDOriXCrM@gmail.com
34,M,ygExrwxjcSFO,28814,ygExrwxjcSFO@gmail.com
30,M,kDzkp8vOhUY8,32712,kDzkp8vOhUY8@gmail.com
20,M,2HJkuWlMYGLw,99835,2HJkuWlMYGLw@gmail.com
50,M,UVcaBd4oCu75,61462,UVcaBd4oCu75@gmail.com
20,F,zitRzi6wuWp7,54302,zitRzi6wuWp7@gmail.com
33,M,Wvu7cKX6Smms,90405,Wvu7cKX6Smms@gmail.com
44,F,2mDdb8Rqbvqn,97208,2mDdb8Rqbvqn@gmail.com
23,M,J5qD65splPqE,55128,J5qD65splPqE@gmail.com
42,M,IUfNZDA9CtMz,23509,IUfNZDA9CtMz@gmail.com
28,M,1VL39aATSOOX,55414,1VL39aATSOOX@gmail.com
32,F,js6lIZbJYALR,55409,js6lIZbJYALR@gmail.com
32,M,n7UKL9DVqY38,26506,n7UKL9DVqY38@gmail.com
31,F,UGm7bJ6dEyyR,27713,UGm7bJ6dEyyR@gmail.com
37,F,19pneYeEGXjx,60476,19pneYeEGXjx@gmail.com
25,M,CClL5YArg5rN,45439,CClL5YArg5rN@gmail.com
35,M,SCiNIvxBQljD,63304,SCiNIvxBQljD@gmail.com
34,M,i6yk5S9sgmh5,60089,i6yk5S9sgmh5@gmail.com
34,M,9oZApLvNrJV2,18053,9oZApLvNrJV2@gmail.com
43,F,4gIydzjnmZzh,85210,4gIydzjnmZzh@gmail.com
60,M,rs8cx4wv9m1y,06365,rs8cx4wv9m1y@gmail.com
26,M,4olVfJQOuT2X,38115,4olVfJQOuT2X@gmail.com
55,M,R3emvF1wyBYb,94920,R3emvF1wyBYb@gmail.com
25,M,XEXqNZboL7WG,77042,XEXqNZboL7WG@gmail.com
28,F,6OPIuKOVV7jF,06906,6OPIuKOVV7jF@gmail.com
44,M,bmOjzPmUvyx1,96754,bmOjzPmUvyx1@gmail.com
17,M,6rKg1ICLJOB8,76309,6rKg1ICLJOB8@gmail.com
51,F,3agOR3gCT7t8,56321,3agOR3gCT7t8@gmail.com
37,M,W17gjPnltp7J,89104,W17gjPnltp7J@gmail.com
26,M,VUtfWCu2LIFI,49512,VUtfWCu2LIFI@gmail.com
51,F,7PkmiSpBr3Hj,91105,7PkmiSpBr3Hj@gmail.com
21,F,lG8fnCACsJtR,54494,lG8fnCACsJtR@gmail.com
23,M,XkVySDuFIsoO,55454,XkVySDuFIsoO@gmail.com
56,F,d1u5HQCQJwdI,19146,d1u5HQCQJwdI@gmail.com
26,F,jBo8XsCZEADd,96349,jBo8XsCZEADd@gmail.com
21,M,SlyJyvhTpCpv,N4T1A,SlyJyvhTpCpv@gmail.com
19,M,DlYHquTRKMIr,92020,DlYHquTRKMIr@gmail.com
22,F,aRgb38mGN6Fj,15203,aRgb38mGN6Fj@gmail.com
22,F,1WacJYA4NTG5,54901,1WacJYA4NTG5@gmail.com
42,F,X9IsQQ9OBK4g,07204,X9IsQQ9OBK4g@gmail.com
26,M,ipxEYuWaOIjJ,55343,ipxEYuWaOIjJ@gmail.com
21,M,tGiASYFhhc28,91206,tGiASYFhhc28@gmail.com
36,F,IiOniRbtTXfZ,44265,IiOniRbtTXfZ@gmail.com
24,M,EKncW3TKQq3S,84105,EKncW3TKQq3S@gmail.com
42,M,OHRTPjsbtrQw,64118,OHRTPjsbtrQw@gmail.com
37,F,gxDVHW8zNdeC,V0R2H,gxDVHW8zNdeC@gmail.com
49,F,LQllPMDXtkw5,16506,LQllPMDXtkw5@gmail.com
24,F,4K7aihzwDuPs,11238,4K7aihzwDuPs@gmail.com
50,F,rfUE2yBP2gVR,17331,rfUE2yBP2gVR@gmail.com
26,M,KCAKEMhfVgNt,94403,KCAKEMhfVgNt@gmail.com
31,M,9YLEYgDUZzyf,40243,9YLEYgDUZzyf@gmail.com
21,M,L4lPJClKRIFl,91711,L4lPJClKRIFl@gmail.com
25,F,4AzrHLZTksKG,80538,4AzrHLZTksKG@gmail.com
25,M,zJJNo9yBBGrU,78741,zJJNo9yBBGrU@gmail.com
58,M,e1OfT3HoeDi1,94306,e1OfT3HoeDi1@gmail.com
19,M,fZhgwZhD3oLL,56567,fZhgwZhD3oLL@gmail.com
31,F,nPiPJYcabA2d,32114,nPiPJYcabA2d@gmail.com
41,F,lsKZt7AYriIJ,70403,lsKZt7AYriIJ@gmail.com
28,F,uETQ91rxFecg,98405,uETQ91rxFecg@gmail.com
44,F,8pwG4RCJ6qxw,60630,8pwG4RCJ6qxw@gmail.com
25,F,uvOkbrpawjS5,63108,uvOkbrpawjS5@gmail.com
29,F,gNjtQxZPWFq7,85719,gNjtQxZPWFq7@gmail.com
48,F,C111WHubbyYT,94618,C111WHubbyYT@gmail.com
30,M,qeO7YZDxJBBR,98072,qeO7YZDxJBBR@gmail.com
35,M,DFjfh1xxfvvD,95403,DFjfh1xxfvvD@gmail.com
35,M,B3um34uXo9WS,73162,B3um34uXo9WS@gmail.com
25,F,mMrdQ4RkPcTN,22206,mMrdQ4RkPcTN@gmail.com
25,M,PvIdgYYMyBAz,63108,PvIdgYYMyBAz@gmail.com
35,M,gaRtpTi7ymJ9,29210,gaRtpTi7ymJ9@gmail.com
31,M,DMAJRm76HSTh,92660,DMAJRm76HSTh@gmail.com
35,M,OaLJPH3RC1dM,47024,OaLJPH3RC1dM@gmail.com
42,M,P8WTVt4iKT2a,55113,P8WTVt4iKT2a@gmail.com
25,M,5PIInPeq81zW,19047,5PIInPeq81zW@gmail.com
19,M,NIpdweWpHquu,93612,NIpdweWpHquu@gmail.com
28,M,yILth5FbvIZk,94720,yILth5FbvIZk@gmail.com
33,M,PdPqrPFsqRuJ,80919,PdPqrPFsqRuJ@gmail.com
28,M,EbnJoBeEwFIx,32303,EbnJoBeEwFIx@gmail.com
24,F,qGo3LOYRv1tz,90034,qGo3LOYRv1tz@gmail.com
60,M,cUGRR7wI6dtF,21201,cUGRR7wI6dtF@gmail.com
56,M,JSZ8LdzYjElL,91206,JSZ8LdzYjElL@gmail.com
59,F,rQWZCWuBx1ji,62901,rQWZCWuBx1ji@gmail.com
44,F,I5bRbHcmcKxW,97007,I5bRbHcmcKxW@gmail.com
30,F,KWfmzS4jKgQu,90247,KWfmzS4jKgQu@gmail.com
26,M,SbhtTJkDzOFN,55104,SbhtTJkDzOFN@gmail.com
27,M,FmCcUMxHBaQd,53706,FmCcUMxHBaQd@gmail.com
20,F,eVWEtdP98dEu,68503,eVWEtdP98dEu@gmail.com
35,F,n4GB8xJP4CN9,14211,n4GB8xJP4CN9@gmail.com
17,M,XAJy9mY76TyJ,97302,XAJy9mY76TyJ@gmail.com
32,M,k7CPrs9yD1rL,95050,k7CPrs9yD1rL@gmail.com
27,M,AcE8cq8a866u,02113,AcE8cq8a866u@gmail.com
27,F,l8ZjjPVEaSiZ,62903,l8ZjjPVEaSiZ@gmail.com
31,M,VcQoQZY7SmZO,33066,VcQoQZY7SmZO@gmail.com
42,M,d96u5rhAQJUP,10960,d96u5rhAQJUP@gmail.com
70,M,2EMBbvWCXSrV,00000,2EMBbvWCXSrV@gmail.com
29,M,O9gRadvoqoBd,12866,O9gRadvoqoBd@gmail.com
39,M,ns3RreymVSuR,06927,ns3RreymVSuR@gmail.com
28,M,OyGUC1hZVjzs,14216,OyGUC1hZVjzs@gmail.com
26,M,Bqxy3QYSfnM2,15232,Bqxy3QYSfnM2@gmail.com
50,M,DSmsXg5aZ3AQ,27105,DSmsXg5aZ3AQ@gmail.com
20,M,1kmEP8y1Zyz4,55414,1kmEP8y1Zyz4@gmail.com
30,M,Bh92qYLg6gXi,80027,Bh92qYLg6gXi@gmail.com
46,M,GZqsjrbmCZJP,90036,GZqsjrbmCZJP@gmail.com
30,M,6lRwaVAPK6fb,51157,6lRwaVAPK6fb@gmail.com
63,M,uW3BMOKARosG,01810,uW3BMOKARosG@gmail.com
34,M,FpCgZHdlwn4S,01960,FpCgZHdlwn4S@gmail.com
31,M,UVjOMLzKsAwS,K7L5J,UVjOMLzKsAwS@gmail.com
49,M,LYZNFGfQbY2m,94560,LYZNFGfQbY2m@gmail.com
20,M,5zB215lV94xy,48825,5zB215lV94xy@gmail.com
21,F,XxR2TnakrcXM,33205,XxR2TnakrcXM@gmail.com
30,M,6hePpiws4y7r,77081,6hePpiws4y7r@gmail.com
47,M,p1WrS9FtCIR4,91040,p1WrS9FtCIR4@gmail.com
32,M,OjHLqDknUbnA,23322,OjHLqDknUbnA@gmail.com
36,F,41aaHELoDwfa,01754,41aaHELoDwfa@gmail.com
18,F,rXKrMR8UABnR,98620,rXKrMR8UABnR@gmail.com
51,M,X31UwWdgkh1m,05779,X31UwWdgkh1m@gmail.com
29,M,TFvGxZ8EWdIk,55420,TFvGxZ8EWdIk@gmail.com
27,M,IdYT8O1BHvSN,80913,IdYT8O1BHvSN@gmail.com
31,M,y41MnlT5BUMN,20064,y41MnlT5BUMN@gmail.com
40,M,6FVXWEMo3OB9,12205,6FVXWEMo3OB9@gmail.com
22,M,cdsYY3ginNLF,85281,cdsYY3ginNLF@gmail.com
32,M,t8c7QYZv1xdx,57197,t8c7QYZv1xdx@gmail.com
30,M,EnuHD1Qrvv5l,08610,EnuHD1Qrvv5l@gmail.com
32,F,htdQnHlDPAQY,33755,htdQnHlDPAQY@gmail.com
44,F,lhA5NZJjSG9m,62522,lhA5NZJjSG9m@gmail.com
40,F,48hLAR8A1cHG,64131,48hLAR8A1cHG@gmail.com
49,F,XsR9YgVilRSI,19716,XsR9YgVilRSI@gmail.com
25,M,I99SLBmy7KZP,55337,I99SLBmy7KZP@gmail.com
22,M,vdXs5N8S92UJ,92154,vdXs5N8S92UJ@gmail.com
35,M,mQY73KzYMeBg,34105,mQY73KzYMeBg@gmail.com
70,M,Cwn6IaeVv7EQ,78212,Cwn6IaeVv7EQ@gmail.com
39,M,rIdv2HVMk9Op,61820,rIdv2HVMk9Op@gmail.com
27,F,GJxjQ9v1tdmk,20009,GJxjQ9v1tdmk@gmail.com
27,M,3LxZIAOIxlPz,11217,3LxZIAOIxlPz@gmail.com
41,F,YaRat5uWIxWD,93555,YaRat5uWIxWD@gmail.com
45,M,3v4CzuwXpUiA,90016,3v4CzuwXpUiA@gmail.com
50,F,Yj6Ne2YAMUF5,30803,Yj6Ne2YAMUF5@gmail.com
55,F,slMqICjj9Rkb,80526,slMqICjj9Rkb@gmail.com
40,F,Db3Bpf9ydQUB,73013,Db3Bpf9ydQUB@gmail.com
22,M,ZHk9fj9a2Llz,76234,ZHk9fj9a2Llz@gmail.com
14,F,B4klL5vRNiDr,02136,B4klL5vRNiDr@gmail.com
30,M,Ip8hhbwLs6Aw,12345,Ip8hhbwLs6Aw@gmail.com
32,M,Nc3K9aOkE1Ks,28806,Nc3K9aOkE1Ks@gmail.com
34,M,O1qa3FXDZvaF,20755,O1qa3FXDZvaF@gmail.com
19,M,Ehjh6XB3JZhY,60152,Ehjh6XB3JZhY@gmail.com
28,M,jUbvmsoYyijw,27514,jUbvmsoYyijw@gmail.com
59,M,jhUCjSclFe5d,40205,jhUCjSclFe5d@gmail.com
22,M,ed7Z37Lr8Eq3,37725,ed7Z37Lr8Eq3@gmail.com
37,M,Q7A8Up9Om2bZ,77845,Q7A8Up9Om2bZ@gmail.com
29,F,E3l5FnkBZa4M,53144,E3l5FnkBZa4M@gmail.com
27,M,I9dKSxsSaSuw,50322,I9dKSxsSaSuw@gmail.com
31,M,2FjssJ9MCx1z,15017,2FjssJ9MCx1z@gmail.com
44,M,LnFezDQ2ZX6y,05452,LnFezDQ2ZX6y@gmail.com
28,M,xpKeGVkkQFPj,77048,xpKeGVkkQFPj@gmail.com
23,F,mQPEuDnvtZbW,80228,mQPEuDnvtZbW@gmail.com
28,M,3m4QtMZFeamL,85282,3m4QtMZFeamL@gmail.com
48,M,pLjvEXDTfQT3,80209,pLjvEXDTfQT3@gmail.com
46,M,tbZKDCXiCutL,53066,tbZKDCXiCutL@gmail.com
21,M,PPSNmuA7m8Bx,33765,PPSNmuA7m8Bx@gmail.com
24,M,XiT1ZYwX6AFE,77042,XiT1ZYwX6AFE@gmail.com
34,M,zqJXKwbtySWY,90019,zqJXKwbtySWY@gmail.com
26,M,SLctRreJeSjk,64153,SLctRreJeSjk@gmail.com
44,F,zytNaIy3GyDq,11577,zytNaIy3GyDq@gmail.com
44,M,R9gGfDhYK6O9,10018,R9gGfDhYK6O9@gmail.com
36,F,JAmc8JgJfB1s,55409,JAmc8JgJfB1s@gmail.com
23,M,Yyn6bfDGbtkM,01375,Yyn6bfDGbtkM@gmail.com
38,F,1f8sPlLVxB55,90814,1f8sPlLVxB55@gmail.com
39,M,6Fj1w13K5f6j,55406,6Fj1w13K5f6j@gmail.com
45,M,5k1fxv3sYwAY,47401,5k1fxv3sYwAY@gmail.com
40,M,QXL3I8CP8l4C,93055,QXL3I8CP8l4C@gmail.com
35,M,C5d8GSsFPO5b,44212,C5d8GSsFPO5b@gmail.com
22,M,rdCjcgmZSatT,95662,rdCjcgmZSatT@gmail.com
64,M,1XYz9icKueVB,97405,1XYz9icKueVB@gmail.com
27,M,fk3tyOYrNfqA,47130,fk3tyOYrNfqA@gmail.com
29,M,XlWcc9RhG2Cc,55417,XlWcc9RhG2Cc@gmail.com
46,M,BgHrnXeo4ZHt,02146,BgHrnXeo4ZHt@gmail.com
15,F,XQ1LYsDVn7p6,25652,XQ1LYsDVn7p6@gmail.com
34,M,wZTMk3ubtraS,78390,wZTMk3ubtraS@gmail.com
18,M,o4Cs5GRGqCwL,29646,o4Cs5GRGqCwL@gmail.com
46,M,KBlR5Mz9GEk5,94086,KBlR5Mz9GEk5@gmail.com
49,M,D2QePLifkjpN,40515,D2QePLifkjpN@gmail.com
29,F,k79fRZd8eJiX,55408,k79fRZd8eJiX@gmail.com
53,M,A4cI7SPj3NRo,04988,A4cI7SPj3NRo@gmail.com
43,F,8l8xXFWgk4eu,97215,8l8xXFWgk4eu@gmail.com
35,F,k4cZ5FQPhZiq,V1G4L,k4cZ5FQPhZiq@gmail.com
63,M,ht9Ru7EKUglh,09645,ht9Ru7EKUglh@gmail.com
18,F,CatTrOtbR45e,06492,CatTrOtbR45e@gmail.com
70,F,MEwxKs49TRAF,48322,MEwxKs49TRAF@gmail.com
38,F,ImciSUA13cLI,14085,ImciSUA13cLI@gmail.com
25,M,ORMSfaYC4ovS,13820,ORMSfaYC4ovS@gmail.com
17,M,hRX6bGsoF8hq,60089,hRX6bGsoF8hq@gmail.com
27,M,BK1hDy3xyOr3,63021,BK1hDy3xyOr3@gmail.com
25,M,MRcKy6qe78M7,11231,MRcKy6qe78M7@gmail.com
45,M,Z9NWz3tbcrYH,60302,Z9NWz3tbcrYH@gmail.com
24,M,2ubyF6U4G4ct,92507,2ubyF6U4G4ct@gmail.com
21,M,TdJzthcV12zO,55303,TdJzthcV12zO@gmail.com
30,M,75JycysnSkbC,10025,75JycysnSkbC@gmail.com
22,M,3XixapcJoK76,65203,3XixapcJoK76@gmail.com
31,M,aUwTfpZJyofK,44648,aUwTfpZJyofK@gmail.com
19,F,EGEPuL5YswTp,74078,EGEPuL5YswTp@gmail.com
48,F,n3hNeC13bM8l,33763,n3hNeC13bM8l@gmail.com
36,M,YadOUfIN4dZv,37076,YadOUfIN4dZv@gmail.com
24,F,WPq7SpRdScLv,35802,WPq7SpRdScLv@gmail.com
41,M,fJBkyY7KCoab,20902,fJBkyY7KCoab@gmail.com
30,M,WAnjLzzyDX9R,77504,WAnjLzzyDX9R@gmail.com
50,F,YX57MOIqnDHQ,98027,YX57MOIqnDHQ@gmail.com
33,F,p6R2tHtGVf6L,55337,p6R2tHtGVf6L@gmail.com
13,M,Z7E7JtMkSrDs,83702,Z7E7JtMkSrDs@gmail.com
39,M,q22NzSNQhK5L,43017,q22NzSNQhK5L@gmail.com
35,M,vYiyTpQ5FWdw,40503,vYiyTpQ5FWdw@gmail.com
49,M,pcVyE1NZvopf,50266,pcVyE1NZvopf@gmail.com
44,M,mYwp1NOKh2LM,55337,mYwp1NOKh2LM@gmail.com
30,F,kDDPURkejXXD,95316,kDDPURkejXXD@gmail.com
20,M,fRMggKNYHzga,61820,fRMggKNYHzga@gmail.com
14,F,LzHDk91nsg4B,27249,LzHDk91nsg4B@gmail.com
41,M,aZZ4FRPwoThW,17036,aZZ4FRPwoThW@gmail.com
24,M,HtbVZkLcvvEw,78704,HtbVZkLcvvEw@gmail.com
32,M,8UFzWotYh7NT,97301,8UFzWotYh7NT@gmail.com
51,F,wEWCvV8j2zi4,03062,wEWCvV8j2zi4@gmail.com
36,M,w4j49YxfYTOg,45243,w4j49YxfYTOg@gmail.com
25,M,quFICNLfzS1J,95823,quFICNLfzS1J@gmail.com
47,M,kWSO4HZORmVf,74075,kWSO4HZORmVf@gmail.com
31,F,XcNjtS5F8Idm,32301,XcNjtS5F8Idm@gmail.com
28,M,Ro21Rhf7F6vo,91505,Ro21Rhf7F6vo@gmail.com
30,M,ioAPIu3iUezM,33484,ioAPIu3iUezM@gmail.com
23,M,35e1iZ8c5OJd,61755,35e1iZ8c5OJd@gmail.com
32,M,aonOxhKvDmyL,55116,aonOxhKvDmyL@gmail.com
60,M,pca75McVpq5W,18505,pca75McVpq5W@gmail.com
38,M,npsY7p814T57,L1V3W,npsY7p814T57@gmail.com
45,F,QGpWOCQGZtKc,97203,QGpWOCQGZtKc@gmail.com
28,M,MLoNqUu8YOzB,20850,MLoNqUu8YOzB@gmail.com
17,F,2Rr2QzG4GUBw,61073,2Rr2QzG4GUBw@gmail.com
27,M,DsHTvzEH2p82,30350,DsHTvzEH2p82@gmail.com
45,M,LXExRQwOLVPM,70124,LXExRQwOLVPM@gmail.com
25,F,cgnMbhW9DL7I,80526,cgnMbhW9DL7I@gmail.com
44,F,YbaMuFMZIyDl,68504,YbaMuFMZIyDl@gmail.com
50,F,JGNw84rYqxOe,53171,JGNw84rYqxOe@gmail.com
28,M,hIbHO1UFaRJq,29301,hIbHO1UFaRJq@gmail.com
37,F,opGMgyD2dRul,53210,opGMgyD2dRul@gmail.com
51,M,TWOL25hAbsDA,06512,TWOL25hAbsDA@gmail.com
27,M,CJSHKMBdVNxC,76201,CJSHKMBdVNxC@gmail.com
44,F,lUwOSYpX4Co8,08105,lUwOSYpX4Co8@gmail.com
50,M,gjWIsELXDl7Y,60614,gjWIsELXDl7Y@gmail.com
27,M,lcWcTUMrz4Rl,N2L5N,lcWcTUMrz4Rl@gmail.com
22,F,AyEiQbhlS4bf,20006,AyEiQbhlS4bf@gmail.com
40,M,pqunaU8pmQyf,70116,pqunaU8pmQyf@gmail.com
25,M,vyLlaCjKLayq,14216,vyLlaCjKLayq@gmail.com
30,F,wYvvGAZ9XWi1,90008,wYvvGAZ9XWi1@gmail.com
20,F,L95ruWSGwQQl,98801,L95ruWSGwQQl@gmail.com
29,F,78hH8yTl8h8M,21114,78hH8yTl8h8M@gmail.com
21,M,dN2zWYhOOGPa,E2E3R,dN2zWYhOOGPa@gmail.com
29,M,uvXQh58GTENe,11753,uvXQh58GTENe@gmail.com
18,F,aNGSPtELu8fc,49036,aNGSPtELu8fc@gmail.com
49,M,eJFuqXolf2lN,01701,eJFuqXolf2lN@gmail.com
23,M,NTlGayUWsOcM,55428,NTlGayUWsOcM@gmail.com
21,M,6FneSmqcUb9O,55408,6FneSmqcUb9O@gmail.com
44,M,3aQNqkLssSVR,53711,3aQNqkLssSVR@gmail.com
28,F,morAFweJSYrG,07310,morAFweJSYrG@gmail.com
60,M,dzA1Ih3TNwVw,33556,dzA1Ih3TNwVw@gmail.com
58,M,k8dkrfw9kIXh,06437,k8dkrfw9kIXh@gmail.com
28,M,zju64zwaTWao,48105,zju64zwaTWao@gmail.com
61,M,MEOSzMNaNBhD,22902,MEOSzMNaNBhD@gmail.com
42,M,3jNv6uyTJwvu,66221,3jNv6uyTJwvu@gmail.com
24,M,mfDl3rXHjdPa,32789,mfDl3rXHjdPa@gmail.com
48,M,GDYbdhJqEFdR,98072,GDYbdhJqEFdR@gmail.com
38,F,7Vf3w7mTh3UO,55038,7Vf3w7mTh3UO@gmail.com
26,F,1okbUR9vqbpd,33319,1okbUR9vqbpd@gmail.com
32,M,WrKZsreSLaAA,02215,WrKZsreSLaAA@gmail.com
20,M,EwN881RWnAsP,97229,EwN881RWnAsP@gmail.com
48,F,nEsrBUU7LbRw,78209,nEsrBUU7LbRw@gmail.com
22,M,i2xSnJBtyDJa,77841,i2xSnJBtyDJa@gmail.com
